US,English
CA,English
BR,Portuguese
MX,English
AU,English
NZ,English
JP,Japanese
CN,Chinese
ID,English
MY,English
TH,English
PH,English
HK,English
IN,English
KR,English
KP,English
PK,English
IR,English
SA,Arabic
OM,Arabic
YE,Arabic
AE,English
QA,Arabic
KW,Arabic
JO,Arabic
IQ,Arabic
SY,Arabic
TR,English
LB,Arabic
EG,Arabic
SD,Arabic
LY,Arabic
TN,Arabic
DZ,Arabic
MA,Arabic
ZA,English
IT,English
FR,French
ES,Spanish
PT,English
NL,English
DE,German
GB,English
DK,English
BH,Arabic
PS,Arabic
