"Aamir","Iftikhar","aamir502@gmail.com"
"Abdallah ","Al-Slaim","aslaim666@yahoo.com"
"Abdulaziz","Al Shahrani","AAlshahrani@bankalbilad.com.sa"
"Abdulaziz","Al-Ahmadi","ahmadiaa@sabic.com"
"Abdulaziz","Bukhari","a.albukhari@gmail.com"
"Abdulaziz ","Owais","owaisa@aecl.com"
"Abdulhadi","Abusulaiman","abdulhadi2000@hotmail.com"
"Abdullah","Al-Bogami","aalbogami@yahoo.com"
"Abdullah","Al-Masri","Abdulla_Nam@hotmail.com"
"Abdullah","Al-Shahrani","abdullah_nh@hotmail.com"
"Abdullah","Dhafar","Abdullah.dhafar@sadafco.com"
"Abdullah","Fitihi","mr.ftaihi@gmail.com"
"Abdullah","Hashem","abdullah_hashem@yahoo.com"
"Abdullah","Hood","ahood@savola.com"
"Abdullah ","Al-Gahtani","aqahtani@sipco.net.sa"
"Abdulmooty","Abdulgawad","Smsa21@hotmail.com"
"Abdulrahman","Ali","h_r_badr@yahoo.com"
"Abdulrahman","Al-Ruhayem","abdulrahmanalruhayem@yahoo.com"
"Abdulrahman","Alsultan","shxsh@shxsh.com"
"Adel ","Muhaimeed","adelmuhimeed@sabb.com"
"Adel Habib ","Abdulaziz","adelhrm@yahoo.com"
"Afaf","Intabi","a.intabi@cba.edu.sa"
"Ahmd","Al-Mashhadi","ahmed.al-mashadi@showtimearabia.com"
"Ahmd","Ba-Azeem","ahmad.baazeem@salama.com.sa"
"Ahmed","Al Ghamdi","ahmad_m_gh@hotmail.com"
"Ali","Al Araidh","alaraidh@alarkan.com"
"Ali","Al-Bar","ali.albar@gmail.com"
"Al-Noor","Al-Amin","Nouri72@hotmail.com"
"Amal","Edrees","amal.edrees@almarai.com"
"Amro","Al-Oufi","amr.aloufi@hotmail.com"
"Ashraf","Aburas","aburas.ashraf@samaco.com.sa"
"Ayman","Ghozaiz","ghozaiz@gmail.com"
"Bader","Al-Dulaimi","doby_1@hotmail.com"
"Badr ","Dokhi","b.bindokhi@alrajhiinvestments.com"
"Badr ","Ghali","badr@al-ghali.com "
"Bandar","Sangora","bsangora@mafcarrefour.com"
"Baraa","Bakor","bbakor@imc.mid.sa"
"Dina","Al-Jabhan","d.aljabhan@atheeb.com"
"Dina ","Karim","dkkarim@hotmail.com"
"Emad","Al-Masri","ezm900@hotmail.com"
"Essam","Zamzami","ezamzami@stc.com.sa"
"Fahad","Al-Atni","fklma@hotmail.com"
"Fahad","Al-Turky","fturki@elajougroupe.com"
"Faisal","Al-Hajiry","faisal.alhajiry@ats-ksa.com"
"Faisal ","Ghulam","faisal.ghulam@tetrapak.com"
"Mohd.","Al-Junaid","junaid51@hotmail.com"
"Fares","Khalifa","castor_rex@hotmail.com"
"Ghaith ","Hammad","ghammad@alfaisaliah.com"
"Haitham","Zamzami","arkadesh2005@yahoo.com"
"Hani","Al-Homood","hani.homood@ats-ksa.com"
"Hashim","Baroom","hbroom@alfaisaliah.com"
"Hatem","El-Houshy","hatem_elhoushy@hotmail.com"
"Hatim","al-Ballaa","hatem0hf@gmail.com"
"Hisham ","Ba-hareth","Hisham.Baharith@hafil.com.sa"
"Hussain","Al-Sulaiman","h_alsulaiman@msn.com"
"Hussam","Mazhar","hussam.mazhar@gmail.com"
"Hussam ","Fouda","hussam@sawcem.com.sa"
"Ibraheem ","Asr","ibraheemasr@tamergroup.com"
"Ibrahim","Azhari","Ibraheimazhary@gmail.com"
"Ibrahim ","Al-Amer","i.alamer@othaim.com "
"Jamal ","Badghaish ","jbadghaish@almajalG4S.com"
"Kamal","Bakhsh","kamal.bakhsh@cristalglobal.com"
"Khaiser Ali ","Shah","prsarabia@gmail.com"
"Khalid","Al-Asmari","kalasmari1@yahoo.com"
"Khalid","Al-Huzaim"," khalid.al-huzaim@riyadbank.com"
"Khalid","Al-Khani","khalid.m.al-khani@hotmail.com"
"Khalid","AL-Khudairi","Khaled0531@hotmail.com"
"Khalid","Al-Saad","khalid.saad999@yahoo.com"
"Khalid","Nas","khalid.yahya@afs-sa.com"
"Khalid","Sadik","khldsadik@yahoo.com"
"Mahmoud","Al-Sagga","mahmoud.sagga@gmail.com"
"Mahmoud","Mousa","mmousa@panda.com.sa"
"Majed","Al-Jahni","msjahni@alinma.com"
"Manal","Al-Lagany","MAllagany@isdb.org"
"Mazen","Abu Nabbout","mazzoneh@gmail.com"
"Mazen","Mujallid","mazen.mujallid@gmail.com"
"Meer R. ","Ali","meer.ali@americanexpress.com.sa"
"Moataz","Al-Hilou","mahilou1982@yahoo.com"
"Mohamad ","Abu Al-Rob","aboelroub@yahoo.com "
"Mohamad ","Hafiz","hafizmohammad@hotmail.com"
"Mohammad","ALTwaijri","altwaijrimy@alrajhibank.com.sa"
"Mohammad ","AlQuainy","m_022@hotmail.com"
"Mohammad ","Bukhari","mbukhari@emaarec.com"
"Mohammed ","Abdulaal","mohammed.abdulall@shoaibigroup.com"
"Mohammed ","Al-Ayed","naseejoha@gmail.com"
"Mohammed ","Al-Ghamdi","mohdtornado@yahoo.com"
"Mohammed ","Al-Yaseen","laithy2005@gmail.com"
"Mohammed ","Hamdy","meh27715@gsk.com"
"Mohammed ","Ismail","Ismail@wsi-ksa.com"
"Obeid ","Khojah","okhojah@savola.com"
"Omar","Bayahya","omar@dabbagh.com"
"Omar","Malibari","abuzuhair52@gmail.com"
"Osama","Al-Ansari","ansari.osama@gmail.com"
"Raed","Mahmoud","raed_mamoud@hotmail.com"
"Raed","Murad","ramurad@hotmail.com"
"Rania","Jastaniah","rania_wow@hotmail.com"
"Rawan","Jalal","r.jalal@alahli.com"
"Rayan","Khalil","khalil.rayan@yahoo.com"
"Reda","Attar","rattar.bonyan@gmail.com"
"Saad","Al-Dokhi","saldokhi@alfransi.com.sa"
"Saad","Al-Zahrani","saad.alzahrani@sadafco.com"
"Salah ","Mahmood","salah@selanet.com"
"Saleh","Al-Ghamdi","saleh@kojamjoom.com"
"Salem","Malass","smalass@saudiairlines.com"
"Sameer ","Shahid","sshahid@saib.com.sa"
"Sami","Al-Mohaimeed","sami1@mail.net.sa"
"Sandeep","Thapa","sandeepkumarhrd@yahoo.com"
"Siraj","Iqbal","mis@goody.com.sa"
"Suliman","Al-Ghamdi","alabnawi01@gmail.com"
"Sultan ","Al-Azem","sultan.alazem@gmail.com"
"Sumaya","Amba","sumayaamba@gmail.com"
"Taher","Sindi","tahersindi@yahoo.com"
"Tamer","Dhafar","dhafar@msn.com"
"Tariq","Al-Shubaily","tasorion@hotmail.com"
"Tariq","Tashkandi","tarik.tashkandi@gmail.com"
"Tariq ","Ragaban","tragaban@yahoo.com "
"Tawfiq","Tawfiq","tmotawfiq@hotmail.com"
"Turki","Al-Sulami","t.alsolami@al-sawani.com"
"Turki ","Al-Saeed","alsaeedt@kfshrc.edu.sa"
"Wael ","albassam","wael.albassam@ziic.com "
"Waheeb","Al-Subhi","waheeb.alsubhi@almojilgroup.com"
"Waleed","Ali","welwel200@hotmail.com"
"Waleed ","Al-Dubaiyan","waleed@aldubaiyan.com"
"Waseem","Merhi","wassim.merhi@eu.effem.com"
"Yahya ","Al-Fagih","watrah1@hotmail.com "
"Yasmeen","Barajaa","yasmeen.barajaa@bnpparias.com"
"Yasser","Halaby","y_halaby@hotmail.com"
"Yasser","Khoj","yasser.khoj@sipco.net.sa"
"Yasser","Saqaabi","yasaqq@yahoo.com"
"Yousef ","Alzaaqi","Yousef.alzaaqi@americanexpress.com.sa"
